INSERT INTO MEMBER (MEMBER_ID, USERNAME) VALUES (1, 'MEMBER1');
INSERT INTO MEMBER (MEMBER_ID, USERNAME) VALUES (2, 'MEMBER2');
INSERT INTO MEMBER (MEMBER_ID, USERNAME) VALUES (3, 'MEMBER3');

INSERT INTO ADDRESS (ADDRESS_ID, FULL_ADDRESS) VALUES (1, '서울시 광진구');
INSERT INTO ADDRESS (ADDRESS_ID, FULL_ADDRESS) VALUES (2, '서울시 동작구');
INSERT INTO ADDRESS (ADDRESS_ID, FULL_ADDRESS) VALUES (3, '서울시 강남구');

INSERT INTO ARTICLE (ARTICLE_ID, TITLE) VALUES (1, 'ARTICLE1');
INSERT INTO ARTICLE (ARTICLE_ID, TITLE) VALUES (2, 'ARTICLE2');
INSERT INTO ARTICLE (ARTICLE_ID, TITLE) VALUES (3, 'ARTICLE3');
INSERT INTO ARTICLE (ARTICLE_ID, TITLE) VALUES (4, 'ARTICLE4');
INSERT INTO ARTICLE (ARTICLE_ID, TITLE) VALUES (5, 'ARTICLE5');
INSERT INTO ARTICLE (ARTICLE_ID, TITLE) VALUES (6, 'ARTICLE6');

INSERT INTO FAVORITE_ARTICLE (FAVORITE_ARTICLE_ID, MEMBER_ID, ARTICLE_ID) VALUES (1, 1, 1);
INSERT INTO FAVORITE_ARTICLE (FAVORITE_ARTICLE_ID, MEMBER_ID, ARTICLE_ID) VALUES (2, 1, 2);
INSERT INTO FAVORITE_ARTICLE (FAVORITE_ARTICLE_ID, MEMBER_ID, ARTICLE_ID) VALUES (3, 1, 3);
INSERT INTO FAVORITE_ARTICLE (FAVORITE_ARTICLE_ID, MEMBER_ID, ARTICLE_ID) VALUES (4, 1, 4);
INSERT INTO FAVORITE_ARTICLE (FAVORITE_ARTICLE_ID, MEMBER_ID, ARTICLE_ID) VALUES (5, 2, 1);
INSERT INTO FAVORITE_ARTICLE (FAVORITE_ARTICLE_ID, MEMBER_ID, ARTICLE_ID) VALUES (6, 2, 2);
INSERT INTO FAVORITE_ARTICLE (FAVORITE_ARTICLE_ID, MEMBER_ID, ARTICLE_ID) VALUES (7, 2, 3);
INSERT INTO FAVORITE_ARTICLE (FAVORITE_ARTICLE_ID, MEMBER_ID, ARTICLE_ID) VALUES (8, 2, 4);
